MERCEDES,https://www.mercedes-benz.com.mx/es/passengercars/cars-guide/brochures-download.html,https://www.mercedes-benz.com.mx/content/dam/mexico/passengercars/cars-guide/fichas-tecnicas/2025/mercedes-benz/clase-a/200-mh/julio/A_200_MH.pdf,Ficha técnica,failed,
MERCEDES,https://www.mercedes-benz.com.mx/es/passengercars/cars-guide/brochures-download.html,https://www.mercedes-benz.com.mx/content/dam/mexico/passengercars/cars-guide/fichas-tecnicas/2025/mercedes-benz/clase-a/200-mh/night-edition/Clase_A_200_MH_Hatchback_Night_Edition.pdf,Ficha técnica,failed,
MERCEDES,https://www.mercedes-benz.com.mx/es/passengercars/cars-guide/brochures-download.html,https://www.mercedes-benz.com.mx/content/dam/mexico/passengercars/cars-guide/fichas-tecnicas/2025/mercedes-benz/clase-a/200-sedan-mh/julio/FT_A_200_Sedan_MH.pdf,Ficha técnica,failed,
MERCEDES,https://www.mercedes-benz.com.mx/es/passengercars/cars-guide/brochures-download.html,https://www.mercedes-benz.com.mx/content/dam/mexico/passengercars/cars-guide/fichas-tecnicas/2025/mercedes-benz/clase-a/200-sedan-mh/night-edition/Clase_A_200_MH_Hatchback_Night_Edition.pdf,Ficha técnica,failed,
MERCEDES,https://www.mercedes-benz.com.mx/es/passengercars/cars-guide/brochures-download.html,https://www.mercedes-benz.com.mx/content/dam/mexico/passengercars/cars-guide/fichas-tecnicas/2025/mercedes-benz/clase-c/c-200-sport/julio/C_200_Sport.pdf,Ficha técnica,failed,
MERCEDES,https://www.mercedes-benz.com.mx/es/passengercars/cars-guide/brochures-download.html,https://www.mercedes-benz.com.mx/content/dam/mexico/passengercars/cars-guide/fichas-tecnicas/2025/mercedes-benz/clase-e/200-exclusive/julio/E_200_Exclusive.pdf,Ficha técnica,failed,
MERCEDES,https://www.mercedes-benz.com.mx/es/passengercars/cars-guide/brochures-download.html,https://www.mercedes-benz.com.mx/content/dam/mexico/passengercars/cars-guide/fichas-tecnicas/2025/mercedes-benz/clase-s/450-l-4matic/julio,Ficha técnica,failed,
MERCEDES,https://www.mercedes-benz.com.mx/es/passengercars/cars-guide/brochures-download.html,https://www.mercedes-benz.com.mx/content/dam/mexico/passengercars/cars-guide/fichas-tecnicas/2025/mercedes-benz/cle/300-4matic/julio/FT_CLE_300_4MATIC.pdf,Ficha técnica,failed,
MERCEDES,https://www.mercedes-benz.com.mx/es/passengercars/cars-guide/brochures-download.html,https://www.mercedes-benz.com.mx/content/dam/mexico/passengercars/cars-guide/fichas-tecnicas/2025/mercedes-benz/cla/200-mh/julio/FT_CLA_200.pdf,Ficha técnica,failed,
MERCEDES,https://www.mercedes-benz.com.mx/es/passengercars/cars-guide/brochures-download.html,https://www.mercedes-benz.com.mx/content/dam/mexico/passengercars/cars-guide/fichas-tecnicas/2025/mercedes-benz/gla/200-mh/julio/GLA_200_MH.pdf,Ficha técnica,failed,
MERCEDES,https://www.mercedes-benz.com.mx/es/passengercars/cars-guide/brochures-download.html,https://www.mercedes-benz.com.mx/content/dam/mexico/passengercars/cars-guide/fichas-tecnicas/2025/mercedes-benz/gla/night-edition/GLA_200_Night_Edition.pdf,Ficha técnica,failed,
MERCEDES,https://www.mercedes-benz.com.mx/es/passengercars/cars-guide/brochures-download.html,https://www.mercedes-benz.com.mx/content/dam/mexico/passengercars/cars-guide/fichas-tecnicas/2025/mercedes-benz/glb/220-4matic-mh/julio/GLB_220_4MATIC_MH.pdf,Ficha técnica,failed,
MERCEDES,https://www.mercedes-benz.com.mx/es/passengercars/cars-guide/brochures-download.html,https://www.mercedes-benz.com.mx/content/dam/mexico/passengercars/cars-guide/fichas-tecnicas/2025/mercedes-benz/glb/night-edition/GLB_220_4MATIC_Night_Edition.pdf,Ficha técnica,failed,
MERCEDES,https://www.mercedes-benz.com.mx/es/passengercars/cars-guide/brochures-download.html,https://www.mercedes-benz.com.mx/content/dam/mexico/passengercars/cars-guide/fichas-tecnicas/2025/mercedes-benz/glc/200-4matic/julio/GLC_200_4MATIC.pdf,Ficha técnica,failed,
MERCEDES,https://www.mercedes-benz.com.mx/es/passengercars/cars-guide/brochures-download.html,https://www.mercedes-benz.com.mx/content/dam/mexico/passengercars/cars-guide/fichas-tecnicas/2025/mercedes-benz/glc/300-4matic/julio/GLC_300_4MATIC.pdf,Ficha técnica,failed,
MERCEDES,https://www.mercedes-benz.com.mx/es/passengercars/cars-guide/brochures-download.html,https://www.mercedes-benz.com.mx/content/dam/mexico/passengercars/cars-guide/fichas-tecnicas/2025/mercedes-benz/glc/350-e-4matic/abril/FT-GLC-350%20e%204MATIC.pdf,Ficha técnica,failed,
MERCEDES,https://www.mercedes-benz.com.mx/es/passengercars/cars-guide/brochures-download.html,https://www.mercedes-benz.com.mx/content/dam/mexico/passengercars/cars-guide/fichas-tecnicas/2025/mercedes-benz/glc/300-4matic-coupe/julio/GLC_300_4MATIC_Coupe.pdf,Ficha técnica,failed,
MERCEDES,https://www.mercedes-benz.com.mx/es/passengercars/cars-guide/brochures-download.html,https://www.mercedes-benz.com.mx/content/dam/mexico/passengercars/cars-guide/fichas-tecnicas/2025/mercedes-benz/glc/300-4matic-coupe-avantgarde/julio/GLC_300_4MATIC_Coupe_AVANTGARDE.pdf,Ficha técnica,failed,
MERCEDES,https://www.mercedes-benz.com.mx/es/passengercars/cars-guide/brochures-download.html,https://www.mercedes-benz.com.mx/content/dam/mexico/passengercars/cars-guide/fichas-tecnicas/2025/mercedes-benz/glc/350-e-4matic-coupe/abril/FT-GLC-350%20e%204MATIC-Coupe.pdf,Ficha técnica,failed,
MERCEDES,https://www.mercedes-benz.com.mx/es/passengercars/cars-guide/brochures-download.html,https://www.mercedes-benz.com.mx/content/dam/mexico/passengercars/cars-guide/fichas-tecnicas/2025/mercedes-benz/glc/glc-350-e-4matic-with-eq-hybrid-technology/julio/GLC_350_e_4MATIC_With_EQ_HYBRID_TECHNOLOGY.pdf,Ficha técnica,failed,
MERCEDES,https://www.mercedes-benz.com.mx/es/passengercars/cars-guide/brochures-download.html,https://www.mercedes-benz.com.mx/content/dam/mexico/passengercars/cars-guide/fichas-tecnicas/2025/mercedes-benz/glc/glc-350-e-4matic-with-eq-hybrid-technology-coupe/julio/GLC_350_e_4MATIC_With_EQ_HYBRID_TECHNOLOGY_Coupe.pdf,Ficha técnica,failed,
MERCEDES,https://www.mercedes-benz.com.mx/es/passengercars/cars-guide/brochures-download.html,https://www.mercedes-benz.com.mx/content/dam/mexico/passengercars/cars-guide/fichas-tecnicas/2025/mercedes-benz/gle/400-e-4matic-with-eq-hybrid-technology/julio/GLE_400_e_4MATIC_With_EQ_HYBRID_TECHNOLOGY.pdf,Ficha técnica,failed,
MERCEDES,https://www.mercedes-benz.com.mx/es/passengercars/cars-guide/brochures-download.html,https://www.mercedes-benz.com.mx/content/dam/mexico/passengercars/cars-guide/fichas-tecnicas/2025/mercedes-benz/gle/450-4matic-sport-mh/julio/GLE_450_4MATIC.pdf,Ficha técnica,failed,
MERCEDES,https://www.mercedes-benz.com.mx/es/passengercars/cars-guide/brochures-download.html,https://www.mercedes-benz.com.mx/content/dam/mexico/passengercars/cars-guide/fichas-tecnicas/2025/mercedes-benz/gle/450-4matic-coupe-mh/julio/GLE_450_4MATIC_Coupe_MH.pdf,Ficha técnica,failed,
MERCEDES,https://www.mercedes-benz.com.mx/es/passengercars/cars-guide/brochures-download.html,https://www.mercedes-benz.com.mx/content/dam/mexico/passengercars/cars-guide/fichas-tecnicas/2025/mercedes-benz/gls/450-4matic-mh/julio/GLS_450_4MATIC_MH.pdf,Ficha técnica,failed,
MERCEDES,https://www.mercedes-benz.com.mx/es/passengercars/cars-guide/brochures-download.html,https://www.mercedes-benz.com.mx/content/dam/mexico/passengercars/cars-guide/fichas-tecnicas/2025/mercedes-benz/clase-g/580-with-eq-technology/julio/G_580_WITH_EQ_TECHNOLOGY.pdf,Ficha técnica,failed,
MERCEDES,https://www.mercedes-benz.com.mx/es/passengercars/cars-guide/brochures-download.html,https://www.mercedes-benz.com.mx/content/dam/mexico/passengercars/cars-guide/fichas-tecnicas/2025/mercedes-benz/clase-g/580-with-eq-technology-edition-one/julio/G_580_With_EQ_Technology_Edition_1.pdf,Ficha técnica,failed,
MERCEDES,https://www.mercedes-benz.com.mx/es/passengercars/cars-guide/brochures-download.html,https://www.mercedes-benz.com.mx/content/dam/mexico/passengercars/cars-guide/fichas-tecnicas/2025/mercedes-benz/eqa/300-4matic/julio/EQA_300.pdf,Ficha técnica,failed,
MERCEDES,https://www.mercedes-benz.com.mx/es/passengercars/cars-guide/brochures-download.html,https://www.mercedes-benz.com.mx/content/dam/mexico/passengercars/cars-guide/fichas-tecnicas/2025/mercedes-benz/eqb/300-4matic/julio/EQB_300_4MATIC.pdf,Ficha técnica,failed,
MERCEDES,https://www.mercedes-benz.com.mx/es/passengercars/cars-guide/brochures-download.html,https://www.mercedes-benz.com.mx/content/dam/mexico/passengercars/cars-guide/fichas-tecnicas/2025/mercedes-benz/eqs/eqs-580-4matic-sedan/julio/EQS_580_4MATIC_Sedan.pdf,Ficha técnica,failed,
MERCEDES,https://www.mercedes-benz.com.mx/es/passengercars/cars-guide/brochures-download.html,https://www.mercedes-benz.com.mx/content/dam/mexico/passengercars/cars-guide/fichas-tecnicas/2025/mercedes-benz/eqs/450-suv/julio/EQS_450_SUV.pdf,Ficha técnica,failed,
MERCEDES,https://www.mercedes-benz.com.mx/es/passengercars/cars-guide/brochures-download.html,https://www.mercedes-benz.com.mx/content/dam/mexico/passengercars/cars-guide/fichas-tecnicas/2025/mercedes-benz/eqs/450-sedan/julio/EQS_450_Sedan.pdf,Ficha técnica,failed,
MERCEDES,https://www.mercedes-benz.com.mx/es/passengercars/cars-guide/brochures-download.html,https://www.mercedes-benz.com.mx/content/dam/mexico/passengercars/cars-guide/fichas-tecnicas/2025/mercedes-benz/eqs/580-4matic-suv/julio/FT_EQS_580_4MATIC_SUV.pdf,Ficha técnica,failed,
MERCEDES,https://www.mercedes-benz.com.mx/es/passengercars/cars-guide/brochures-download.html,https://www.mercedes-benz.com.mx/content/dam/mexico/passengercars/cars-guide/fichas-tecnicas/2025/mercedes-benz/eqe/350-suv/FT_EQE_350_SUV.pdf,Ficha técnica,failed,
MERCEDES,https://www.mercedes-benz.com.mx/es/passengercars/cars-guide/brochures-download.html,https://www.mercedes-benz.com.mx/content/dam/mexico/passengercars/cars-guide/fichas-tecnicas/2025/mercedes-benz/eqe/350-sedan/julio/FT_EQE_350.pdf,Ficha técnica,failed,
MERCEDES,https://www.mercedes-benz.com.mx/es/passengercars/cars-guide/brochures-download.html,https://www.mercedes-benz.com.mx/content/dam/mexico/passengercars/cars-guide/fichas-tecnicas/2025/mercedes-amg/cla/cla-35-4matic-mh/julio/FT_Mercedes-AMG_CLA_35_4MATIC_MH.pdf,Ficha técnica,failed,
MERCEDES,https://www.mercedes-benz.com.mx/es/passengercars/cars-guide/brochures-download.html,https://www.mercedes-benz.com.mx/content/dam/mexico/passengercars/cars-guide/fichas-tecnicas/2025/mercedes-amg/cla/cla-45-s-4matic/julio/FT_MERCEDES-AMG_CLA_45_S_4MATIC.pdf,Ficha técnica,failed,
MERCEDES,https://www.mercedes-benz.com.mx/es/passengercars/cars-guide/brochures-download.html,https://www.mercedes-benz.com.mx/content/dam/mexico/passengercars/cars-guide/fichas-tecnicas/2025/mercedes-amg/cle/cle-53-4matic/julio/FT_Mercedes-AMG_CLE_53_4MATIC.pdf,Ficha técnica,failed,
MERCEDES,https://www.mercedes-benz.com.mx/es/passengercars/cars-guide/brochures-download.html,https://www.mercedes-benz.com.mx/content/dam/mexico/passengercars/cars-guide/fichas-tecnicas/2025/mercedes-amg/clase-a-sedan/a-35-4matic-sedan-mh/julio/Mercedes-AMG_A_35_4MATIC_Sedan_MH.pdf,Ficha técnica,failed,
MERCEDES,https://www.mercedes-benz.com.mx/es/passengercars/cars-guide/brochures-download.html,https://www.mercedes-benz.com.mx/content/dam/mexico/passengercars/cars-guide/fichas-tecnicas/2025/mercedes-amg/clase-a-hatchback/a-35-4matic-mh/julio,Ficha técnica,failed,
MERCEDES,https://www.mercedes-benz.com.mx/es/passengercars/cars-guide/brochures-download.html,https://www.mercedes-benz.com.mx/content/dam/mexico/passengercars/cars-guide/fichas-tecnicas/2025/mercedes-amg/clase-a-hatchback/a-45-s-4matic/julio/Mercedes-AMG_A_45_S_4MATIC.pdf,Ficha técnica,failed,
MERCEDES,https://www.mercedes-benz.com.mx/es/passengercars/cars-guide/brochures-download.html,https://www.mercedes-benz.com.mx/content/dam/mexico/passengercars/cars-guide/fichas-tecnicas/2025/mercedes-amg/clase-c/c-43-4matic/julio/Mercedes-AMG_C_43_4MATIC.pdf,Ficha técnica,failed,
MERCEDES,https://www.mercedes-benz.com.mx/es/passengercars/cars-guide/brochures-download.html,https://www.mercedes-benz.com.mx/content/dam/mexico/passengercars/cars-guide/fichas-tecnicas/2025/mercedes-amg/clase-c/c-63-s-e-performance/julio/Mercedes-AMG_C_63_S_E_Perfomance.pdf,Ficha técnica,failed,
MERCEDES,https://www.mercedes-benz.com.mx/es/passengercars/cars-guide/brochures-download.html,https://www.mercedes-benz.com.mx/content/dam/mexico/passengercars/cars-guide/fichas-tecnicas/2025/mercedes-amg/clase-e/e-53-hybrid-4matic/julio/Mercedes-AMG_E_53_Hybrid_4MATIC.pdf,Ficha técnica,failed,
MERCEDES,https://www.mercedes-benz.com.mx/es/passengercars/cars-guide/brochures-download.html,https://www.mercedes-benz.com.mx/content/dam/mexico/passengercars/cars-guide/fichas-tecnicas/2025/mercedes-amg/clase-g/g-63/julio/Mercedes-AMG_G_63.pdf,Ficha técnica,failed,
MERCEDES,https://www.mercedes-benz.com.mx/es/passengercars/cars-guide/brochures-download.html,https://www.mercedes-benz.com.mx/content/dam/mexico/passengercars/cars-guide/fichas-tecnicas/2025/mercedes-amg/eqe/eqe-53-4matic-suv/julio/FT_Mercedes-AMG_EQE_53_4MATIC_SUV.pdf,Ficha técnica,failed,
MERCEDES,https://www.mercedes-benz.com.mx/es/passengercars/cars-guide/brochures-download.html,https://www.mercedes-benz.com.mx/content/dam/mexico/passengercars/cars-guide/fichas-tecnicas/2025/mercedes-amg/eqe/eqe-53-4matic/julio/FT_Mercedes-AMG_EQE_53_4MATIC.pdf,Ficha técnica,failed,
MERCEDES,https://www.mercedes-benz.com.mx/es/passengercars/cars-guide/brochures-download.html,https://www.mercedes-benz.com.mx/content/dam/mexico/passengercars/cars-guide/fichas-tecnicas/2025/mercedes-amg/gla/gla-35-4matic-mh/julio/MERCEDES-AMG_GLA_35_4MATIC_MH.pdf,Ficha técnica,failed,
MERCEDES,https://www.mercedes-benz.com.mx/es/passengercars/cars-guide/brochures-download.html,https://www.mercedes-benz.com.mx/content/dam/mexico/passengercars/cars-guide/fichas-tecnicas/2025/mercedes-amg/glb/glb-35-4matic-mh/julio/MERCEDES-AMG_GLB_35_4MATIC_MH.pdf,Ficha técnica,failed,
MERCEDES,https://www.mercedes-benz.com.mx/es/passengercars/cars-guide/brochures-download.html,https://www.mercedes-benz.com.mx/content/dam/mexico/passengercars/cars-guide/fichas-tecnicas/2025/mercedes-amg/glc/glc-43-4matic-coupe/julio/MERCEDES-AMG_GLC_43_4MATIC_Coupe.pdf,Ficha técnica,failed,
