propio,competidor,resumen_bullets,analisis_ia,recomendacion
Jim REMAX CLASICA 4X2 5MT CONFORT (2025),Byd SHARK GL (2025),,"Estimado ejecutivo comercial,
Al evaluar el Jim REMAX CLASICA 4X2 5MT CONFORT (2025) en comparación con el Byd SHARK GL (2025), es
crucial destacar las ventajas competitivas que hacen de nuestro modelo la opción más atractiva para el cliente. El
Jim REMAX se posiciona como una alternativa económica sin sacrificar calidad ni funcionalidad.
Uno de los aspectos más destacados del Jim REMAX es su eficiencia en combustible, lo que se traduce en un
ahorro significativo a largo plazo para el propietario. Además, su costo de mantenimiento es considerablemente
más bajo, lo que lo convierte en una opción más viable para aquellos que buscan maximizar su inversión.
Aunque el Byd SHARK GL ofrece características como conectividad avanzada y asistencias de conducción, el Jim
REMAX proporciona un equipamiento competitivo que satisface las necesidades de los conductores que buscan
un vehículo confiable y accesible. Para cerrar la venta, podríamos considerar ofrecer incentivos como descuentos
o mantenimientos incluidos, lo que reforzaría aún más la propuesta de valor del Jim REMAX.
En resumen, el Jim REMAX CLASICA 4X2 5MT CONFORT (2025) no solo es una opción económica, sino que
también representa una compra inteligente para los clientes que valoran el ahorro y la fiabilidad.","1. **Justificación del precio**: El precio del Jim REMAX CLASICA 4X2 5MT CONFORT (2025) debe ser evaluado • en función de su valor percibido en comparación con el Byd SHARK GL (2025). Si bien el Jim REMAX puede ser • más asequible, es fundamental asegurarnos de que su equipamiento y costos operativos sean competitivos. Si el • precio actual supera el valor percibido, se recomienda considerar ajustes como un bono comercial o mejoras de • bajo costo. • 2. **Valor por equipamiento**: Al comparar el equipamiento del Jim REMAX con el Byd SHARK, es necesario • analizar si el Jim REMAX ofrece un mayor valor por cada característica. Aunque el Byd SHARK incluye • conectividad avanzada, el Jim REMAX debe resaltar su eficiencia operativa y bajo costo de mantenimiento para • atraer a un segmento de mercado que prioriza la economía. • 3. **Equipamiento exclusivo**: • Jim REMAX CLASICA 4X2 5MT CONFORT (2025): Ninguno • Byd SHARK GL (2025): Apple Carplay, Android Auto, Cámara 360 • La falta de equipamiento exclusivo en el Jim REMAX sugiere que se deben implementar mejoras específicas que • no incrementen significativamente el costo, como sensores de estacionamiento o una pantalla táctil mejorada. • 4. **Impacto a largo plazo**: Los costos de combustible y mantenimiento son factores críticos que afectan la • decisión de compra. Un vehículo que ofrece menores costos operativos, como el Jim REMAX, será más atractivo a • largo plazo, especialmente para clientes que buscan maximizar su inversión. • 5. **Posicionamiento**: El Jim REMAX CLASICA 4X2 5MT CONFORT (2025) se posiciona en el segmento • económico frente al Byd SHARK GL (2025). Para reforzar esta posición, se sugiere mantener el precio actual o • incrementarlo ligeramente si el mercado lo permite, destacando las fortalezas del modelo. Además, implementar • mejoras puntuales podría ayudar a cerrar la brecha en equipamiento y aumentar su atractivo en el mercado. • En conclusión, es esencial evaluar y ajustar la estrategia de pricing y equipamiento del Jim REMAX para asegurar • que se mantenga competitivo y atractivo para los consumidores."
Jim REMAX CLASICA 4X2 5MT CONFORT (2025),Byd SHARK GS (2025),,"Estimado ejecutivo comercial,
Al comparar el Jim REMAX CLASICA 4X2 5MT CONFORT (2025) con el Byd SHARK GS (2025), es fundamental
destacar las ventajas competitivas que hacen del Jim REMAX la opción más atractiva para nuestros clientes. Este
modelo se posiciona como una alternativa económica, ofreciendo un excelente equilibrio entre precio y
características, lo que lo convierte en una compra inteligente para quienes buscan un vehículo confiable y
accesible.
El Jim REMAX se beneficia de costos de mantenimiento significativamente más bajos, lo que se traduce en un
ahorro a largo plazo para el propietario. Además, su eficiencia en el consumo de combustible es un punto clave
que resalta su valor en el mercado actual, donde la economía es una prioridad para muchos conductores.
Aunque el Byd SHARK GS ofrece características como conectividad avanzada y asistencias de conducción, el Jim
REMAX se enfoca en proporcionar un equipamiento competitivo por su precio, lo que lo hace más accesible para
un segmento más amplio de clientes. Para cerrar la venta, podríamos considerar ofrecer incentivos como
descuentos o mantenimientos incluidos, lo que reforzaría aún más su atractivo y facilitaría la decisión de compra.
En resumen, el Jim REMAX CLASICA 4X2 5MT CONFORT (2025) es la opción más sensata para los clientes que
buscan un vehículo económico, eficiente y con un costo total de propiedad bajo.","1. **Justificación del precio**: El precio del Jim REMAX CLASICA 4X2 5MT CONFORT (2025) se justifica en gran • medida por su enfoque en la economía operativa y el costo de mantenimiento. Comparado con el Byd SHARK GS • (2025), que tiene un equipamiento más avanzado, el Jim REMAX debe ser posicionado como una opción más • accesible, enfocándose en su eficiencia de combustible y menores costos de mantenimiento. • 2. **Valor por equipamiento**: Aunque el Byd SHARK GS (2025) ofrece características como Apple CarPlay y • cámaras 360°, el Jim REMAX proporciona un valor sólido por su precio, especialmente para aquellos clientes que • priorizan el ahorro en costos operativos sobre equipamiento tecnológico avanzado. Esto sugiere que el Jim • REMAX puede ser percibido como una opción más práctica y económica. • 3. **Equipamiento exclusivo**: • Jim REMAX CLASICA 4X2 5MT CONFORT (2025): Ninguno • Byd SHARK GS (2025): Apple Carplay, Android Auto, Alerta Colisión, Cámara 360° • La falta de equipamiento exclusivo en el Jim REMAX puede ser un punto débil, por lo que se recomienda • considerar la inclusión de características como sensores de estacionamiento o una pantalla táctil mejorada para • aumentar su atractivo. • 4. **Impacto a largo plazo**: Los costos de combustible y mantenimiento juegan un papel crucial en la percepción • del Jim REMAX a lo largo del tiempo. Su eficiencia en el consumo de combustible y menores costos de • mantenimiento lo hacen atractivo para los consumidores que buscan minimizar gastos a largo plazo, lo que puede • ser un fuerte argumento de venta. • 5. **Posicionamiento**: El Jim REMAX CLASICA 4X2 5MT CONFORT (2025) se posiciona como una opción • económica frente al Byd SHARK GS (2025). Para reforzar esta posición, se recomienda mantener el precio actual, • o incrementarlo ligeramente si el mercado lo permite, mientras se enfatizan sus fortalezas en economía de • combustible y costos de mantenimiento. Además, se sugiere implementar mejoras de bajo costo que no afecten • significativamente el precio, como la inclusión de conectividad básica o asistencias de conducción, para aumentar • su competitividad en el mercado."
Jim REMAX CLASICA 4X2 5MT CONFORT (2025),Changan HUNTER PLUS 4X2 TM (2025),,"Estimado Ejecutivo Comercial,
Al evaluar el Jim REMAX CLASICA 4X2 5MT CONFORT (2025) frente al Changan HUNTER PLUS 4X2 TM
(2025), es crucial destacar las ventajas competitivas que posicionan al Jim como la opción más atractiva para
nuestros clientes.
El Jim REMAX ofrece una conectividad avanzada con compatibilidad para Apple CarPlay y Android Auto, lo que
permite a los conductores disfrutar de una experiencia de manejo más integrada y moderna. Además, su enfoque
en la seguridad se traduce en la inclusión de asistentes de conducción y cámaras de 360°, brindando una mayor
tranquilidad a los usuarios. Estos aspectos no solo mejoran la experiencia del conductor, sino que también añaden
un valor significativo al vehículo.
En términos de economía, el Jim REMAX se presenta como una opción más eficiente en costos de mantenimiento
y consumo de combustible, lo que se traduce en un ahorro a largo plazo para el cliente. Esto es un factor decisivo
para aquellos que buscan maximizar su inversión.
Para cerrar la venta, podríamos considerar ofrecer incentivos adicionales, como descuentos o mantenimientos
incluidos, que resalten aún más el atractivo del Jim REMAX. Esto no solo facilitará la decisión de compra, sino que
también reforzará la percepción de valor que nuestros clientes buscan.","1. **Justificación del precio**: El precio del Jim REMAX CLASICA 4X2 5MT CONFORT (2025) está respaldado por • su equipamiento y características de seguridad, que superan las ofrecidas por el Changan HUNTER PLUS 4X2 TM • (2025). Sin embargo, es fundamental evaluar si este precio se alinea con la percepción del mercado. Si se • considera que el costo es significativamente más alto sin una justificación clara en el valor percibido, se • recomienda explorar ajustes. • 2. **Valor por equipamiento**: El Jim REMAX CLASICA 4X2 5MT CONFORT (2025) ofrece un valor competitivo en • términos de equipamiento, especialmente en conectividad y seguridad. Esto sugiere que, en comparación con el • Changan HUNTER PLUS, el Jim podría ser percibido como una opción más atractiva para los consumidores que • valoran estas características. • 3. **Equipamiento exclusivo**: Ambos modelos no presentan equipamiento exclusivo que los diferencie • significativamente. Esto implica que cualquier mejora en el Jim REMAX podría ser crucial para destacar en el • mercado. • 4. **Impacto a largo plazo**: Los costos de combustible y mantenimiento son factores determinantes en la decisión • de compra. Si el Jim REMAX demuestra ser más eficiente en estos aspectos, su atractivo aumentará con el • tiempo, lo que podría justificar su precio actual o incluso permitir un ligero incremento si el mercado lo permite. • 5. **Posicionamiento**: El Jim REMAX CLASICA 4X2 5MT CONFORT (2025) se posiciona como una opción • económica frente al Changan HUNTER PLUS 4X2 TM (2025). Para reforzar esta posición, se recomienda • implementar mejoras de bajo costo, como sensores de estacionamiento o conectividad mejorada, que no solo • aumenten el valor percibido, sino que también fortalezcan la propuesta de venta en un mercado competitivo. • Estas recomendaciones estratégicas permitirán optimizar el posicionamiento del Jim REMAX y mejorar su • percepción en el mercado, asegurando que se mantenga como una opción preferida para los consumidores. • Insights Estratégicos Usa $/HP y precio de transacción para justificar premiums o bonos selectivos. A igual MSRP, • más HP/equipamiento ayuda a inclinar la balanza. Ajusta tácticamente (financiamiento/bonos) cuando el competidor • te supere en $/HP. • Metodología y Fuentes • con MSRP y Transacción; TCO 60k km con parámetros configurables; brechas por reglas e IA."
